name,introduction,points,publisher,author,setup_count,follower_count,booking_count,tag_names,update_log,app_size,version,last_update
一起来捉妖,《一起来捉妖》是腾讯首款AR探索手游！让你在现实世界中化身御灵师，探索这个世界，发现并收集身边的妖灵。魂珠封妖，将丰富多样、千奇百怪的妖灵收入囊中。实景捉妖、特色战斗、守护擂台、线下社交。御灵师，一起来捉妖吧！【AR捉妖 一起探索多彩世界 】增强现实技术，AR给你前所未有的封妖体验，带来虚拟与现实的多元碰撞。【丰富收集 特色妖精】万物皆有灵，山海经、葫芦兄弟等千奇百怪、耳熟能详的妖精等你找寻。【养成觉醒 进阶之路】妖精训练、进阶觉醒，培养最强妖精，伴你左右！【真实社交 见面抓妖交朋友】线上线下，亲密无间，捉妖队友，一起出发！【守护擂台 广场建筑夺第一】让封妖足迹踏遍角落，标记高楼广场，最强封妖师就是你！,3.5,腾讯,腾讯,687141,1332078,0,"AR,收集,随行游戏,户外,竖屏,卡牌,养成",,780.47MB,1.7.010.1,2019年06月14日
三国杀,【产品介绍】《三国杀》是一款智力卡牌桌游，以三国为背景、以身份为线索、以武将为角色，构建起一个集历史、文学、美术、游戏等元素于一身的桌面游戏世界。2017年10月    《三国杀移动版》获得苹果首页精选推荐2017年5月     《三国杀移动版》荣获国家体育总局信息中心颁发的全国移动电竞大赛指定参赛项目证书2016年11月    《三国杀移动版》入选“金狗奖”中国移动游戏评选会颁发的年度最佳移动网络游戏证书【游戏特色】1-排位赛：公平竞技，实力见证。2-火爆团战：轻松组队，随时开团，你不是一个人在战斗。3-身份模式：5人/8人场，主忠反内随机扮演。4-国战模式：魏蜀吴群，双将配合，为国而战。5-畅爽单机：无需流量，随时随地杀一下！6-专属武将：灵雎、诸葛果、留赞、曹睿……手机端专享畅玩！7-官阶系统：集武将、皮肤升官阶，领每周奖励！8-直播观看：主播零距离，互动更方便。9-公会系统：战友集结，打造最强公会。10-动态皮肤：动感皮肤，视觉升级。【活动专场】1-比赛专场：战斗累积分，冲榜拿实物大奖。2-驱鬼逐邪：3人组队打BOSS，丰厚奖励等你拿。3-守卫剑阁：4V4魏蜀争霸，真人+智能AI对战。4-欢乐1v1：轻松1对1，赢了拿金票。5-欢乐***：主公勇战双反贼，海量金票等你拿。【声控福利】国内一线声优，为每一名武将量身打造台词和声音，犹如亲临三国战场！*甄姬：仿佛兮若轻云之闭月，飘摇兮若流风之回雪。*孙尚香：夫君，身体要紧~*陆逊：谦谦君子，温润如玉。*司马懿：天命，哈哈哈哈！*周瑜：挣扎吧，在血和暗的深渊里！【画师支持】国内优秀画师加持，为武将定制专属皮肤。风华绝代系列：清秀幽雅、闭月羞花。谋定天下系列：大气磅礴、笔傲山河。阵面对决系列：别具匠心、意境高远。,4.3,杭州游卡网络技术有限公司,杭州游卡网络技术有限公司,797781,466833,0,"策略,桌面和棋类,卡牌,三国,联机,多人,三国杀,烧脑,联网,桌游",,324.26MB,3.7.4,2019年04月24日
命运-冠位指定（Fate/Grand Order）,被誉为日本“蚁后级IP”的Fate系列首款正版手游《Fate/Grand Order》正式上线！《Fate/Grand Order》（中文译名《命运-冠位指定》，以下简称《FGO》）由TYPE-MOON出品，由bilibili游戏在大陆地区独家代理发行。人类将于2016年灭绝---为什么？怎么会？是谁？做了什么？面对众多疑问，研究者们陷入了疑惑。就在这时，他们观测到了新的异变。公元2004年，日本某个地方都市，在这里，出现了前所未有的[无法观测的领域]为了保护与夺回人类未来，必须进行时间旅行重返过去，执行与“历史”对抗的作战！游戏特色：【Fate系列首款正版手游，100万字剧情描绘史上最大圣杯战争！】《FGO》剧情原案由Fate之父奈须蘑菇亲自执笔，长达100万字的小说级故事线将为您揭露多重背景设定！【史上最多英灵集结，跨越时代的终极召唤！】在《FGO》中可召唤的从者包含了《Fate/Zero》、《Fate/stay night》等多部知名Fate作品中的经典角色，以及多位《FGO》首创英灵与您展开命运的羁绊，更有全新职阶首次于Fate系列中登场！【指令卡式战斗，原汁原味的日式RPG！】在《FGO》中，战斗通过对从者下达的命令用指令卡来表现，通过回合制的形式展开指令战斗。战斗分为战术阶段与指令阶段，根据您的选择，从者会分别发动攻击。己方攻击后，转为敌方行动。敌方行动后一回合结束。【50多位知名画师参与英灵绘制，40位以上声优倾情献声！】《FGO》力邀武内崇在内的50余位知名画师组成超豪华美术团队，更特邀Fate系列原班声优参与配音！阿部彬名 安井邦彦 坂本真绫 川澄绫子大久保瑠美 大原SAYAKA 大塚明夫 丹下樱岛崎信长 稻田彻 高乃丽 宫野真守关智一 鹤冈聪 江川央生 浪川大辅铃村健一 绿川光 能登麻美子 鸟海浩辅浅川悠 三木真一郎 神奈延年 水岛大宙寺岛拓笃 田中敦子 田中理惠 西前忠久下屋则子 小仓唯 野中蓝 樱井孝宏游佐浩二 远藤绫 早见沙织 沢城MIYUKI斋藤千和 植田佳奈 置鲇龙太郎 中村悠一中井和哉 种田梨沙 子安武人 诹访部顺一（按姓名字母顺序）,7.2,哔哩哔哩游戏,哔哩哔哩游戏,2227875,1408073,0,"二次元,卡牌养成,卡牌,玄学,厨向,动漫,回合制,剧情,ACG,美少女,厨力,日系,冒险,收集,联网,中文,抽卡,策略",,724.41MB,1.45.3,2019年05月05日
斗将（测试服）,《斗将》是一款国风“竞技”卡牌手游。唯美国风古韵，搭配自由3D视角，以乱斗为核心的大世界构架，给玩家带来更加传奇的手游体验。游戏采用了创新的策略战斗玩法，玩家将以逆命师的身份，召唤百位历史名将，对抗肆虐大陆的魔物妖兽，续写传奇英雄们的神话。-故事背景洪荒时代，支撑天地的不周山折断崩塌，此后天灾频临，人祸不断，妖兽肆虐，鬼魅横生，直到百年之后禹王倾尽全国之力，以不周山残骸铸造出九只龙纹鼎，方才镇压了妖邪，平定了天灾。人心的善念为龙纹鼎提供力量，只要人心向善，它便能一直支撑天地间的秩序，保佑华夏大地风调雨顺国泰民安。然而，和平的年代滋养着人心中的黑暗，永无止境的贪欲污染着龙纹鼎，致使保护力量大为削弱，天灾又一次降临人间。为了应对人心时局之变，鬼谷子秘密成立了一个叫做“逆命师”的组织，以奇门遁甲之术往来于不同时空，监管龙纹鼎动态。然而，心魔在黑暗中潜伏，注视着龙纹鼎，谋划着毁灭一切。-仙风写意，国韵自成《斗将》采用精致写实的国风画面设计，融合自然光影与大场景展示风格，为游戏注入了浓厚的仙侠气质。通过细腻流畅的角色动作、华丽绚烂的技能演示营造极致视觉体验；遵循古韵国风的设计理念，贯彻始终的仙风写意展现在角色设计、场景展示、UI设计的方方面面，希望能够给玩家再来最享受的国韵感受。-时空轮转，百将集结《斗将》采用架空设定，突破时空的限制，使各朝各代的名人志士都有机会出现在游戏中，通过精心打磨的剧情将这些传奇串联在一起。玩家将有机会在游戏中将这些武将收为己用，借用他们的力量，驱邪除恶，建国安邦，书写自己的神话。-拾遗补缺，重塑英魂《斗将》在收录近百位名将英雄作为卡牌本体的同时，也收集了这些英雄人物的传说，玩家将能够在游戏中认识这些英雄的内心，了解他们夙愿，甚至可以帮助他们完成未竟之志。续写传奇，笔墨交于你。-朝野逐鹿，对弈天下上兵伐谋，其下攻城。真实再现国家战争中的尔虞我诈。运用您的奇智谋略，拉拢名士，搭配阵容，建立联盟，调配资源。远交近攻，合纵连横，与劲敌斗智斗勇，争夺时代霸权。【联系我们】《斗将》官方微信：doujiangsy《斗将》官方微博：@斗将手游《斗将》官方Q群：879787200,5.8,上海峰途网络,上海峰途网络,6932,5030,0,卡牌,,606.27MB,1.1.10.28324,2019年06月17日
不思议迷宫,敖厂长、王老菊、Lex等up主好评推荐！这是一款集迷宫探索&收集养成玩法的手游。在这里，你可以玩到数十种不同主题的迷宫，今天在西方魔幻背景下闯荡，明天去东方神话故事里冒险，阿拉丁、克苏鲁...你喜欢的故事这里可能都有。除此之外，你还可以收集200多只小球球（冈布奥），它们是雅典娜、孙悟空、特种兵...曾大有来头的角色们在迷宫里化身为球，要和你一起去冒险。彩蛋也是游戏的特色玩法，在这里你会遇到各种奇妙事件，如令人激动的神龙许愿，请求你帮忙的老奶奶，甚至是要你解答高数题的魔法少年！自由的探索，自由的收集和发现，这就是《不思议迷宫》。【冒险起源】几乎所有的冒险故事都从人类讲起，我们则是从一群弱小的冈布奥身上展开。象征着这个世界本源力量的世界树上，诞生了数以百计的拥有各种天赋魔法的低等怪物冈布奥，它们将在无数勇者英雄敬畏的目光见证下，手里拿着长剑、魔杖、盾牌……利用自己的天赋与智慧探索在地底迷宫，翱翔于天空银河，开启一场以争夺最强“冒险家”之名号，同时也是被后世之人称之为“低等怪物启示录”的奇妙冒险。总有一天，这个世界阳光所及月色笼罩的地方，都将留下老子的足迹——某冈布奥【玩法详细说明】>>>21座迷宫21种玩法*不同迷宫不同玩法在这里，每个迷宫都有自己的不同的文化内核与独特玩法。可能是“阿拉丁神灯”的许愿机制，可能是“克苏鲁神话”的心智值系统，不同迷宫给你不同的游戏体验。*Roguelike的随机乐趣迷宫的每一层都是随机生成的，当你翻开石板，底下藏着的可能是会不断伤害你的怪物，也可能一个救命血瓶、魔法卷轴...甚至是向你求救的粉红小猪猪。>>>收集养成 200+冈布奥*200只冈布奥 能力性格各异游戏里有200多只冈布奥，它们每一只都有独特的文化背景和来头，这也导致了它们的性格、技能各异。比如雅典娜冈布奥会“传销”、帮派干部冈布奥喜欢抢劫NPC...*策略组合出战 解锁更多玩法探索迷宫可带3只冈布奥共同出战，不同的冈布奥在一起时能产生特殊的“化学反应”，策略搭配解锁更多玩法。>>>无处不在的彩蛋 数不尽的惊喜*找到彩蛋 找到惊喜整个游戏隐藏了上百个彩蛋：突然出现的吐槽木牌、前冒险者们的残骸、河神的拷问...找到它们，就能收获惊喜。*从彩蛋中探索你未曾到过的世界通过彩蛋，我们能在废弃边陲看到战争的残酷，也能在古代竞技场看到角斗的血腥，或在阿瓦隆要塞看到仙女赋予匹诺曹生命。在迷宫里，这种新奇无处不在。>>>组战队 探索奥妙天空*闯完迷宫闯天空游戏可不仅只有地下迷宫可以玩耍，开完迷宫就可以开上飞艇，前往天空探索更多未知。*解锁新飞艇 前往更远处！想要前往更远处的天空吗？那就要打造最好的飞艇战舰了。游戏内有数十种飞艇等你收集。>>>飞向无垠宇宙 征服外域*探索宇宙的另一端 体验各貌星球在游戏里，你还可以驾驶飞船前往宇宙的另一端。那里有古老精灵族所居住的星球，也有核战后的废墟世界。而你，会在这些星球上留下什么故事呢？,8.6,雷霆游戏,雷霆游戏,1677532,830599,0,"有毒,Roguelike,地牢,UP主推荐,冒险,史莱姆,收集,中文,多人,策略,竖屏,迷宫,养成,内购,联网,情怀,卡牌,SLG",,156.63MB,0.8.190522.05-0.3.22,2019年05月28日
遇见逆水寒,所有江湖偶遇，都是宿命相逢。网易首款唯美古风恋爱手游《遇见逆水寒》，将带大家来到清明上河图中所描绘的千年之前的北宋汴京。体验一场跨越时空的甜蜜爱恋。不同于一般恋爱手游的单一模式，《遇见逆水寒》的双线剧情，会让你拥有更多选择。甜蜜女线、深情男线，十位性格不同的可攻略对象，你喜欢的样子我都有。在游戏中还内置了庄园、宠物、换装、捏脸、探索、游历等数十种玩法，就算是下线时间，玩家所扮演的旅人也会在大宋疆域中不断旅行，带回种种奇特风景，各式江湖奇物。轻松放置，也可收获更多甜蜜奇遇。快来《遇见逆水寒》开启一段奇妙的因缘之旅吧！【联系我们】如果您喜欢我们的游戏，欢迎您随时给我们评价、留言。官方网站：http://n.163.com/yujian/官方微信：nsh163官方微博：@遇见逆水寒 客服电话：95163527,6.7,网易游戏,网易游戏,159575,382671,0,"恋爱,养成,古风,男性向,乙女,女性向,放置,文字,国风,卡牌,竖屏,收集",,767.15MB,1.3.17332,2019年06月04日
部落冲突：皇室战争,成功抓住了未来手游市场的主流脉络，抛弃了繁琐的数值养成，开启了一个即时对抗的全新时代。——史考特大人《无尽远征》制作人此游戏的创新，告诉大家移动平台的电竞游戏应该如此。——刘伟《崩坏3》大伟哥该作品将竞争性游戏的目标群体从硬核玩家转移到了中等硬核玩家，并且成功地创造出了一款引人入胜的电子竞技手游，简直是一个壮举。——Alex Kozachenko《小偷猫》制作人赶快进入竞技场！《部落冲突》的开发商为您带来了一款实时多人游戏，其主要角色包括皇室成员以及您喜爱的《部落冲突》中的角色。收集并升级数十张卡牌，其中有您熟悉并喜爱的《部落冲突》中的部队、法术和防御工事，以及多位皇室成员，如王子、骑士和飞龙宝宝等等。攻打敌军国王和塔楼上的公主们，击败对手并赢取奖杯、皇冠以及竞技场荣耀。组建部落，分享卡牌，打造属于自己的战斗圈子。带领《Clash Royale》的皇室成员迈向胜利！请注意！《Clash Royale》是一款免费游戏，但您也可以使用真钱购买一些游戏道具。如果您不想使用该功能，请在设备的设置中禁用应用内购买。此外，根据我们的《服务条款》和《隐私政策》，您必须年满13周岁才能下载或体验《Clash Royale》。此外，游戏还需要互联网连接。游戏特色● 实时挑战来自全世界的玩家，夺取他们的奖杯● 赢取宝箱来解锁奖励、收集强大的全新卡牌并升级已有卡牌● 摧毁敌军塔楼并赢取皇冠，赢取史诗皇冠宝箱● 打造并升级您的卡牌收藏，包括《Clash Royale》皇室成员和数十个来自于《部落冲突》的部队、法术和防御设施● 精心设计您的终极战斗牌组，击败对手● 在多个竞技场为登顶而战● 组建部落，分享卡牌，打造属于自己的战斗圈子● 与您的部落成员和好友来一场私人对决● 在TV Royale观看最佳对决，学习各种战术客户支持遇到问题了？访问http://supercell.helpshift.com/a/clash-royale/或http://supr.cl/ClashRoyaleForum，或者在游戏中通过“设置”>“帮助和支持”来联系我们。隐私政策： http://supercell.com/en/privacy-policy/服务条款：http://supercell.com/en/terms-of-service/家长指南：http://supercell.com/en/parents/cn/,7.2,北京昆仑乐享网络技术有限公司,Supercell,1331187,609807,0,"卡牌,策略,全球同服,联机,竖屏,对战,即时,内购,中文,塔防,UP主推荐",,94.04MB,2.7.4,2019年04月30日
无尽之魂（测试版）,"独立硬核游戏，Lowpoly风格的 ARPG.游戏很难！！没错，非常难！！用可爱的玩家的话就是：“WC，这是什么鬼难度？！”虽然很难，但是熟悉套路后是能轻松过关，而且为了照顾手残向玩家，提供商店可以购买升级装备！！再次说明，游戏非常难！！下载测试的玩家请做好心理准备！！！玩家扮演勇者挑战各个试炼，以成为守护大陆平衡的守望者。游戏难度偏高，需要足够的技术和心态才能通过试炼，每一个关卡的BOSS都猛的丧心病狂。贪刀和胡乱施放技能有可能直接被一套带走。BOSS类型各不相同，有敏捷系，有法系，有巨人等等，后续BOSS将会持续开发……PS:请不要相信所谓破解版,以免存档出现丢失！!",8.8,只做一款游戏工作室,只做一款游戏工作室,0,674760,6534,"硬核,单机,ARPG,角色扮演,动作",,336.50MB,1.025,2019年04月30日
阴阳师,让国产游戏的品质提升了一个档次，告诉我们不是只有套路化的游戏才能在中国获得成功。——刘伟《崩坏3》大伟哥此作品能够流行，剧情和美术、声优一样是很重要的部分。——楚云帆 游研社创始人现象级游戏。《阴阳师》的成功已经不局限于产品本身了，它普及了一种文化，在产品理念上也非常超前，比如“产品做吸量，营销做留存”——邓梁 游戏葡萄主编网易和风匠心巨制，和你共创绮美世界！人鬼共生的世界里，魑魅魍魉的百鬼奇谭还在继续；跨越阴阳的阴阳师画符念咒，维持阴间与阳界的秩序；春樱冬雪，花火秋枫的风物绘卷，带来华美绚烂的和风之旅；有血有肉有魂的唯美式神，羁绊着你我共同的回忆！这个世界魑魅魍魉，这个世界美丽异常！这，不只是一款游戏！都怪这个世界太美丽！【游戏特色】和风画意：3D和风精美画面，还原古意风情京都幽婉剧情：百鬼互动捉妖解谜，舞台新番追不停式神乱谭：百种式神收集，还原妖怪传说，豪华觉醒侧耳倾听：日本顶级声优配音，梅林茂亲自创作电影级原声结界神社：创新LBS地图玩法，社交互动,7.4,网易游戏,网易游戏,3970480,1266719,0,"卡牌,养成,回合制,和风,二次元,收集,CV控,策略,联机,3D,日文,ACG,阴阳师,中文,UP主推荐,剧情,美少女,高画质,横屏,联网",,1.50GB,1.0.63,2019年04月29日
月圆之夜,* 一款独立单机游戏* 轻度策略卡牌战斗* 随机事件探索与冒险【背景】小红帽从小就与外婆相依为命，但不幸的是有一天外婆神秘失踪。根据警卫队的调查结果显示：他们最后的线索都停留在黑森林。为了寻找唯一的亲人，小红帽孤身一人前往黑森林，这一天正是月圆之夜，她即将面对的是守护森林的精灵、凶残的狼人、隐居的女巫以及慢慢浮出水面的真相…【玩法】* 七种职业、四百多张卡牌自由搭配* 一百零四位神秘莫测的对手等待你的挑战* 探险过程中随机触发未知事件* 多剧情选项，影响你的名声与勇气【特点】这是一本自由探索的黑暗童话书，没有强制性的新手引导！不用联网 不用刷图 没有十连抽所拥有的只是一颗小红帽的初心 像我们当初一样的坚持与温暖月圆之夜 和外婆团聚吧 为了岁月静好 为了温馨结局,9.6,滴答工作室,滴答工作室,3936308,2029074,0,"卡牌,单机,Roguelike,有毒,策略,回合制,独立游戏,竖屏,冒险,中文,童话,内购,UP主推荐,多结局,手绘",,267.57MB,1.5.3.3,2019年04月24日
火影忍者-疾风传,火之意志，格斗重燃！《火影忍者》手游作为正版火影忍者格斗手游，由万代南梦宫授权、岸本齐史领衔集英社等版权方联合监修、腾讯游戏魔方工作室群自主研发而成。《火影忍者》手游100%正统还原原著剧情，疾风传篇章登场，十年百忍强力降临，玩家可以任意扮演鸣人、佐助、宇智波鼬等忍者，体验酣畅淋漓的忍术格斗连打和全屏奥义大招。此外，还可以进行跨服匹配2V2热血PK，参与无差别忍者格斗大赛，决出属于你的忍道！,7.5,腾讯,腾讯,1649730,1791292,0,"格斗,火影忍者,动作,动漫,横版,日系,二次元,联网,热血,ACG,竞技,剧情,冒险,多人联机,多人,横版格斗,火影",,1.65GB,1.33.19.6,2019年05月17日
忍者必须死3,2018 IMGA China 最佳核心玩法奖历时3年零3个月开发，全球下载超过2000万的《忍者必须死》系列全新力作！我们致力于打造手机平台上最酷最爽快的游戏体验，在吸取了前作的经验和教训的基础上，对横版跑酷游戏和横版动作游戏进行了全方位的融合和革新。------独创玩法------◆以全球独创的系列玩法为基础，深入思考并提取《洛克人》、《恶魔城》等经典横版动作游戏的精华，打造手机平台上最爽快的全新玩法体系。◆全新加入的Boss战斗，通过与游戏玩法的完美融合，并对每一个Boss进行精心设计和打磨，实现不逊于主机平台上最精彩的横版boss战体验。◆飞龙模式，切水果模式，空中boss战，限时逃脱等等全新的关卡元素，结合精巧的关卡设计，提供了玩家难以置信的丰富挑战。------画面风格------◆在极具东方特色的水墨风格下，融入现代动画的设计理念，在千千万万的手机游戏中独树一帜。◆以2D手绘与3D技术深入结合打造的游戏场景，展现了一个符合真实空间逻辑的、却又充满不可思议元素的神秘忍者世界。◆以我们独有画风设计的人物和Boss形象，生动而又极具张力的角色动作，炫酷而强大的忍术，将忍者的炫酷和飘逸表现得淋漓尽致。------故事和世界观------◆围绕忍者、武士和鬼族三个势力，以主角的视角，展现一个有着环环相扣的阴谋的故事，构建一个有说服力的精彩的原创忍者世界。◆探索手机平台上的故事叙述方式，将大量故事演出自然融入游戏之中（不惜大幅增加了游戏开发的难度），带来更好的游戏流畅度和故事代入感 。◆纯手绘的水墨风开场动画------全新系统------◆家族◆组队对决◆好友系统◆录像系统-------制作理念-------游戏的前作因其独特的风格和原创的玩法，成为受到最高评价的横版跑酷游戏之一，获得了累计2000万的下载，并受到AppStore、GooglePlay、 IGN等世界知名游戏机构和媒体的认可和推荐。而现在，《忍者必须死3》经过了颠覆式的革新和进化，强势袭来！5年来我们一直探索并致力于打造【真正适合手机平台的最优秀的动作体验】。我们以远超越同类作品的世界最强跑酷游戏为目标，以面向全球的用户视野和品质标准进行体验设计，使游戏在各方面都达到同领域的顶尖水准，成为手机平台动作游戏的新里程碑。,6.1,小白工作室,小白工作室,2104539,1209529,0,"动作,跑酷,忍者,水墨风,火柴人,横版,虐心,中文,多人,RPG,手速,2D",,301.17MB,1.0.81,2019年06月14日
水晶传说,《水晶传说》是一款集卡牌、养成、策略为一体的Q版回合制战斗游戏。玩家通过召唤英雄来收集卡牌，解锁英雄的Q版战斗角色，通过挑战boss和挂机收集培养英雄所需的材料装备，不断提升英雄战斗力。并通过合成装备，洗炼被动技能，融合英雄等强化英雄实力，完成竞技场、副本等更高难度的挑战。,5.5,杭州哲信信息技术有限公司,杭州哲信信息技术有限公司,189,707,579,"策略,卡牌,放置,角色扮演",,79.02MB,1.0.2,2019年06月17日
战舰少女R,暗潮涌动，撕裂深海的寂静！深海舰队已集结，威胁大洋的安宁！热情如舰炮，坚定如钢铁！如彩虹般洋溢的战舰少女！与您一起守护大海的和平！*************【少女归来，全新革命】*************由幻萌网络研发的收集养成类手游《战舰少女R（战舰少女）》，现已经重磅回归！您将扮演一名海军指挥官，在与名为【深海舰队】的敌对势力作斗争的过程中，逐渐组建自己的最强舰队。秉承大舰巨炮和少女萌道的综合美学，玩家可以通过建造，出征，养成，演习多种玩法，在碎片时间中满足收集欲望，并随之获得长足的成长。简单！寓繁于简！有趣！去芜存菁！指挥官，您的舰队已经准备就绪，少女们期盼着您的归来，挑选您挚爱的舰娘，赌上荣誉与梦想，与敌人战个痛快吧！收集舰娘：来自世界各地的400多名舰娘可供收集，少女沉睡在梦与海洋中，等待您的唤醒！皇家海军象征胡德号，航母先驱列克星敦号！感受与少女们邂逅的最纯粹的喜悦！组建舰队：少女们如百花般绽放，根据喜好与关卡特型，选择最适合的舰娘组成舰队！决战大洋：起锚！前进！以浩瀚的大洋为战场，与深海舰队展开决战！加深您与少女们的羁绊！,9.5,上海尽游网络科技有限公司,幻萌网络,1421847,512062,0,"养成,收集,舰娘,卡牌,拟人,回合制,ACG,玄学,日系",,1.39GB,4.4.0,2019年05月15日
神都夜行录,国韵巅峰  网易新概念妖灵大作「倘若某种不可思议的力量，让世间万物都拥有平等交谈的灵魂，这世界，将会如何？」这个故事发生在大唐时期，人族与妖族对立、共存、又互相包容的年代。传说中的妖怪们，隐藏在盛世的阴影之中，它们中有温良恭俭的善良孩子，也有饱喰人血的凶恶之徒。而你，即将走进这世界，扮演一名初入世的降妖师，御使“灵力”的，人间的守护者。你必须游走于“常识”与“非常识”之间，与仅存于现世幻想中的妖怪们交流或战斗。运用你的智慧、力量与种种神妙法术，解决你遇到的困境。找出谜雾之下的真相，对抗亘古长存的黑暗，竭尽你的所能，维护两个种族间的平衡。请持续关注我们：官网地址：https://sd.163.com/官方微博：https://weibo.com/sdyxl微信公众号：神都夜行录百度贴吧：神都夜行录吧,4.9,网易游戏,网易游戏,647624,602081,0,"国风,卡牌,妖怪,抽卡,MMO,联机,3D,中文",,1.57GB,1.0.22,2019年05月20日
少女前线,【游戏简介】首款国人原创军武枪娘题材卡牌手游！***、***...百款枪娘集结完毕，多元养成造就前线尖兵！策略部署多线推进、小队战术即时操作，携手少女寻找铁血叛乱真相，完成不曾放弃的誓约！游戏创新采用了“战术推进”、“即时战斗”两大模式，兼具策略性与操作性，国内外多位知名画师鼎力加盟，百位人气声优倾情献声，这不止是一场视听盛宴，更有着战术少女对您深切的羁绊！【世界观】游戏的故事设定延续自《面包房少女》世界观，玩家们需要带领被称为“战术人形”的枪娘们探索大战之后的世界，找寻铁血AI叛乱背后的真相。指挥官，战术少女已经集结完毕！静候您的驾临！【游戏特色】【声优助阵 顶级声优倾情加盟】人气声优钉宫理惠、能登麻美子、茅野爱衣、堀江由衣、小清水亜美、野中藍、佐仓绫音、南條愛乃、田村ゆかり、内田真礼等百位CV倾情献声！【重型建造 霰弹枪正式实装】重型建造为高级形式人型建造，霰弹枪将在重型建造中出现。霰弹枪作为自带护甲的特殊“tank”职业，带有“范围伤害+击退”要素，另外通过 “装备校准”和“装备强化”对装备的属性进行进一步提升，培养精锐少女击退铁血攻势！【战术少女 百位枪娘多元养成】精美立绘涵盖各时期的知名枪械，百款战术少女任意搭配，多元化养成：属性强化培养麾下主力、技能训练领略枪娘作战技巧、小队扩编壮大规模….让玩家麾下的少女成为前线尖兵！【策略布阵 即时操作多线推进】前排接敌、后排输出，战斗中自由调整阵型站位、合理分担伤害，战略地图多线部署、自由控制小队推进，从此告别自动推进无限掉沟的惨剧。【联系总部】如您在游戏中遇到任何问题，或者要向我们提供宝贵建议。请直接联系我们的客服同学！《少女前线》官方网站：http://gf.ppgame.com《少女前线》官方微博：http://weibo.com/shaonvqianxian《少女前线》官方微信：GF-MICA《少女前线》官方QQ群-HK416：480571768《少女前线》官方QQ群-UMP9：462047002《少女前线》官方QQ群-AR15：302450275《少女前线》官方QQ群-M1918: 410349092《少女前线》官方QQ群-***: 480566265《少女前线》官方QQ群-SKS: 302193393,8.9,上海散爆网络科技有限公司,上海散爆网络科技有限公司,1422894,737521,0,"二次元,美少女,养成,枪娘,策略,枪械,ACG,战争,日系,Live2D,横版",,127.01MB,2.0311_748,2019年04月16日
棋盘上的英雄（测试版）,这是一款微创新的战棋游戏、策略类独立游戏建议看完游戏介绍再考虑下载游戏介绍：★ 肝度适中★ 游戏有十连抽，还是4个混池★ 画风丑萌，大概是3年前的审美标准★ 谜之尴尬的剧情★ 复杂的技能体系★ 无立绘_(°:з」∠)_穷...★ 角色有升级，升星，武器有强化★ 4个种族的开局,8.8,灵光游戏,灵光游戏,0,16179,161,"战棋,策略",,166.06MB,1.0,2019年06月12日
万象物语,《万象物语》（Sdorica）是由著名手游研发公司雷亚游戏与龙渊网络联合推出，历时四年精心打造的一款史诗般剧情的奇幻冒险RPG手游。清新唯美幻想风格，搭配全程交响乐实录的极致效果，围绕六大种族交织的庞大世界观，向玩家展示了一个瑰丽多彩的奇幻世界。游戏采用了独特的策略战斗玩法，玩家将以一位谛视者的身份，引领超过三十位独具特色的角色，在极致的视听盛宴陪伴下，一步步探索凡泰缇大陆过去、现在与未来。-故事背景故事叙述很久以前，大地由创世巨龙「斯多利卡」所掌控，祂创造了永夜国度以及永生者，永生者们必须遵从「斯多利卡」的安排而生存，直到名为「凡泰缇」的永生者觉醒决定反身对抗，最终让太阳得到释放，世界的元素开始有了循环，所有永生者都重新获得了所有生命都该有的礼物：衰老与死亡。千年之后，凡泰缇的子孙建立了名为太阳王国的国家，其国力的强盛被黑暗中浅伏的邪恶所窥视着… 围饶在人族、兽族、羽族、亚人、魔物...等之间的壮阔故事即将翻开序章- 顶级手游大厂雷亚诚意之作《万象物语》是由著名手游研发公司雷亚游戏与龙渊网络联合推出历时四年精心打造的一款史诗般剧情的奇幻冒险RPG手游。此前雷亚皆以音乐游戏广为人知，《万象物语》则是其在首个动作类手游《聚爆》取得成功后在角色扮演领域展开的新的尝试。游戏保持了雷亚游戏一贯的超高水准，每一个要素都力求完美，在将音乐元素与游戏视觉体验结合的丰富经验基础上，通过引人入胜的丰富剧情及匠心打造的听觉盛宴，期望带给玩家最极致的游戏体验。- 清新唯美的日漫幻想画风《万象物语》采用了精致且清新唯美的绘本风格画面，融合写实光影造型与日系人物脸孔绘制的角色立绘，为游戏增加了浓郁的童话气息。开发团队花费大量精力投入到角色设定和美术风格中，希望用细致流畅的角色动作、华丽的技能演出来营造完美的视觉体验。游戏无论是角色设计还是场景构建全部美轮美奂，全角色动态演出更为剧情故事的展示增加了一大亮点。- 瑰丽多彩的奇幻世界设定《万象物语》采用了多角色视点，故事的发展将随着章节推动及角色剧情交互展开，在玩家的引领下，通过六大种族角色的视角，相互交织成一个光明与黑暗交织、瑰丽多彩的奇幻世界。打开《万象物语》，宛如进入一个缤纷瑰丽的神秘大陆，一段充满未知的奇幻旅程将从玩家手心中缓缓展开。- 大师级别的极致视听体验凭借雷亚极高水准的音游研发实力，《万象物语》在视听体验上表现出了超乎想象的高品质。游戏开场动画特别邀请日本著名动画制作公司CoMix W***e Films倾力打造。除了出色的2D动画演出，还加入了全角色动态剧情展演。此外，游戏的背景音乐由操刀Deemo故事配乐的作曲大师 Chamber Chu 谱曲，并采用了全交响乐实录，每一颗音符都在塑造着世界的面貌，将带给玩家全新的视听体验。- 别具一格的策略战斗模式《万象物语》是一款注重队伍构成与策略思考的角色扮演游戏，玩家将在回合制战斗的基础上，通过对战术设计和操作策略的权衡来完成不同难度关卡的挑战。在《万象物语》中，每一个角色都有其独特价值，游戏强调不同角色之间的联动效应，开发团队为游戏设计了数百种增减益状态，有时玩家若想获取战斗胜利，必须合理搭配自己的出战角色。- 众星云集的豪华CV阵容《万象物语》制作团队特邀日本人气声优，为游戏中角色配音。悠木碧、立花慎之介、井上喜久子、钉宫理惠、子安武人、佐仓绫音、雨宫天等日本人气声优的倾力献声。让角色的个性展现更加独一无二，由他们交织产生的万象世界也因此更加引人入胜。此外，开发团队还计划引入国内知名声优，为《万象物语》录制全新的国语CV，届时，玩家可自由选择自己沉浸的听觉世界。,8.3,龙渊网络,龙渊网络,1142117,1313488,0,"养成,角色扮演,RPG,二次元,回合制,美少女,消除,策略,收集,三消,画质精美,冒险",,156.31MB,2.0.2,2019年06月14日
方舟指令,《方舟指令》是一款神灵养成姬战手游。在科技发达的近未来世界，拥有神格的竞技少女人形”誓灵”服务于人类，玩家作为誓灵之主——“御灵士”将与来自阿斯加德、奥林匹斯、高天原、九霄、幻想五大阵营的誓灵们并肩作战。随着与誓灵的羁绊不断加深，你将逐步解锁隐藏剧情和私密故事，探寻誓灵与这个世界的秘密。游戏战斗包含属性、天气、阵型等多种策略元素，誓灵将发挥“神话中的力量”为你而战。吾躯为神，战意永生！【世界观】科技发达的2353年，以神话传说为原型的竞技少女人形——“誓灵”风靡社会。人类生活随着“誓灵”的出现变得更加丰富多彩，但伴随而来的野心和欲望也悄然滋生……人类可触碰的科技界限被突破后，接踵而来的是更加高度的文明？还是触怒自然法则的毁灭呢？以信仰图腾为灵核，智能科技为载体的誓灵，能否成为拯救的方舟，陪伴人类走向光辉的未来？【游戏特色】#百位美少女自由养成 与她们建立专属羁绊#誓灵美少女通过战斗可以实现技能和属性上的自由培养，并触发各自专属的独立剧情。随着与誓灵羁绊的提升，不仅能够解锁她们不为人知的故事以及私密信息，还可以进行解密互动，让喜欢的心情彼此传递，再也没有届不到的白色冬季！#超白金声优阵容加盟 一场听觉的绝赞享受#钉宫理惠、茅野爱衣、竹达彩奈、井上喜久子、能登麻美子、堀江由衣、斎藤千和、日高里菜、佐藤利奈、内田真礼、大西沙织、悠木碧、小清水亚美、日笠阳子、早见沙织、佐仓绫音、小仓唯等数十位当红声优参与制作！#多种策略元素玩法大融合 属性、天气、阵型克敌制胜#风、火、水、土、光、暗六大属性制衡玩法，在战场上选择相克的誓灵并发挥阵型优势以弱胜强吧！更有动态天气系统，阴晴雨雪让不同属性的誓灵产生各类效果。不止是等级和数值的碾压，请享受不同策略搭配带来的攻略体验吧！,7.1,哔哩哔哩游戏,哔哩哔哩游戏,280742,362895,0,"二次元,养成,卡牌,卡牌养成,美少女,策略,回合制,日系",,1.99GB,0.46.2,2019年05月23日
食之契约,《食之契约》是一款美食拟人手游，在游戏中你可以边经营餐厅，边拯救世界。新颖的战中触碰模式，让你更直接地参与到战斗中，不再是一个看客。更有铃木达央、泽城美雪、花江夏树、佐仓绫音、悠木碧等二十多位人气声优加盟，为你带来不一样的美食体验！-----------------------------------这是文案菌一定要用的世界观简介-------------------------------------当危机悄悄接近时，与你一起面对的同伴将会是——————美味的食物！？——在神明陷入沉睡的世界，能量的秩序被改变，原本寄宿于无数美味食物当中的生命[飨灵]开始苏醒了。仅仅一年的时间里，人们对力量的认知逐渐发生了转变。通过与美食签订契约召唤而来的飨灵们，无论在工作还是生活当中都会成为你最可靠的伙伴！然而，在阴影之中，许多未知的力量开始与你接触，是致命的危险？亦或是绝境之中的转折？人类与飨灵的因果又将何去何从？一念之间的选择，将使未来瞬息万变！而这背后一切的真相，正等待着你的发现！！-----------------------------------------------------------------------------------------------------------本该被肇始之神遏制的恶念，冲破了神识的封锁，催生出无数吞噬万物的新灵体——堕神。 肆意的破坏使得原本平静祥和的缇尔拉大陆生灵涂炭。求生的本能与维系生命的食物产生共鸣，人们借助幻晶石从食物中召唤出能够使用魔法的新灵体——飨灵，与之契约，在与堕神对抗的战斗中起到了决定性的作用。这是一场关系到生存或毁灭的战争，缇尔拉的命运因你而变……【游戏特色】【清新日系画风  独树一帜的高颜值美食拟人】众多优秀画师倾力制作， 融合美食独有的特色，绘制出性格迥异的高颜值人物原画，御姐、萝莉、lo娘、正太、暖男总有一款能满足你的视觉“味蕾”。【顶级声优团队  视听盛宴的VIP级待遇】游戏由顶级人气声优花江夏树、江口拓也、村濑步、佐仓绫音、北川里奈、寺岛拓笃、泽城美雪、小野贤章、川澄绫子、铃木达央、悠木碧等配音录制，极赋特色的声线倾情演绎，赐予了飨灵独具特色的个性魅力。原来耳朵真的会怀孕唷！【契约亦是羁绊  创新独特的战斗操作模式】独有的“烹饪天赋”影响着战斗，飨灵的“羁绊”连携技，一击祭出逆转战局；诡变的天气系统成为冒险路上的绊脚石；要留意Boss的动向哦，适时的打断对战斗的胜利起到事半功倍的作用。【休闲经营养成  打造星级餐厅进阶餐饮大佬】带着你的飨灵经营餐厅， 赚金币赢小费。三大菜系百种菜，菜谱研究乐趣多。百位飨灵震餐桌，痛揍无赖白食客。24小时全年无休外卖送餐，提供优质餐饮服务。风格百变的餐厅装扮，多款家具装饰随心DIY，打造个性的专属餐厅；小清新、和风、地中海风、时尚风……独特的餐厅文化在你的手中萌芽！---------------------------------------------我是分割线--------------------------------------------------官博：http://weibo.com/cofood贴吧：https://tieba.baidu.com/f?kw=食之契约&fr=gdrk官网地址：http://food.funtoygame.com/官方客服（QQ）：800180056,7.3,食之契约制作委员会,食之契约制作委员会,661905,403311,0,"二次元,养成,收集,卡牌,经营,拟人,ACG,烹饪,冒险,联网,高画质",,965.52MB,2.8.1,2019年06月08日
保卫萝卜3,保卫萝卜2016年保卫萝卜系列官方正版新作，引领休闲手游新时代:《保卫萝卜3》是《保卫萝卜》官方正统新作。游戏的主要背景定位到了城市中，并加入了创新性的剧情模式、全新炮塔、全新地图、全新玩法，让玩家在建设炮塔保卫主人公“阿波”的同时感受到塔防游戏的别样乐趣。值得一提的是，除了完美传承前两部萝卜作品的精髓外，增加新糖果玩法，使整个塔防游戏变得更加激萌，互动性更强， 让玩家与更多好友一起体验游戏的萌动乐趣。,7.7,腾讯,腾讯,292908,371153,0,"塔防,策略,休闲,萌,联网,多人联机",,172.60MB,1.8.1,2018年09月30日
火影忍者OL,《火影忍者OL -忍者新世代》为官方正版授权的大世界高自由回合策略RPG手游。玩家可扮演各具特色的“风”“雷”“水”“土”“火”五属性原创主角，亲历原著经典桥段与感人瞬间，在宏大的世界中自由探索，打造最强忍者小队，结交同伴，并肩作战！独创的叙事性技能系统，爽快的连击战斗，精妙的组合搭配，紧张刺激的半即时回合策略微电竞玩法，将为各位玩家带来极致的游戏体验。豪华原班声优演绎，唤醒十年回忆！传承经典玩法，均衡和冒险并行！,5.1,腾讯,腾讯,321782,504437,0,"卡牌,回合制,策略,火影,二次元",,1.19GB,3.40.52,2019年05月30日
诺亚幻想,《诺亚幻想——魔法少女P.E.T.S!》是一款原创二次元恋爱收集养成游戏。以【异世界x动物拟人化x魔法少女变身x校园】的设定，通过小人动作的战斗表现、Live2d的角色交互形式、丰富的CV&剧情包装，着力打造一场充满幻想风的异世界大冒险。期待各位校长的到来！核心特色：（1）豪华的中、日文CV随意切换！【日文CV名单】悠木碧、折笠富美子、能登麻美子、佐仓绫音、尾崎由香、中原麻衣、钉宫理惠、斎藤千和、雨宮天、藤田咲、羽月理惠、高柳知叶、野崎秋子、石上静香、中根久美子、三宅麻理恵、冈田幸子、首藤志奈、小串麻衣、真中桂子、大岛美咲、长妻树里、石见舞菜香、田中小雪、长谷川育美、田中那实、河崎桃子 etc【中文CV名单】林簌、陶典、花玲、杜冥鸦、mace、菊花花、洪海天、王晓彤 、SAKULA小舞、包小柒、常丹瑞、杜冥鸦、韩娇娇、何伊、喵酱、牛奶君、诺亚、诺语蓝、秦紫翼、水原、唐雅菁、小N、小Q、小敢、一口井、张安琪、张琦、紫苏九月、王雅欣 etc（2）全员Live2d实装，动画般的临场体验！！每名角色拥有校服、战斗服及神秘的战斗破损服三套立绘，配合Live2d技术的全员实装，努力打造一场丰盛的视觉盛宴，让超过90名小姐姐全部动起来！	【画师名单】Ask、影法师、Sky-FreeDom、Saru、Mvv、日子、九酱子、infukun、newrein、PEN、PSD、八雲玖、龙崎一、Skade、小野咩子、_撒豆、Acid、ALCD、CK、ex-hentai、Kincora、K***LLYA☆、MIA、momor、MR坑士道、MZ、nixo、prophet、Seeker、SH、TD、W18-、xiao葉有囍、zhufun、阿芸芸芸、八才、宫崎soul、和眞、幻象黑兔、狂気、莲子、普通茶几、天然夏、丸子、油井、战争子、钻头鱼人CK、黑、黑萌、幻想绘风etc（3）超过100万字的剧情文本量，毫不妥协的细节打磨！！！完善的世界观设定，个性的剧情表达，丰富的探索战报、剧情笔记、匿/实名信系统从多个维度努力展现“剧情与文字”的魅力。****************************【话外音】**************************「来自遥远彼方的异邦之人啊，可以回答我三个问题吗？——你，对迄今为止的人生满意吗？——你，是否在内心深处渴求被认同？——你，热爱这个世界吗？咦？不明白吗？心本身，就不是能够做好准备的东西——」【异世界】这个世界一直流传着一个传说——很久很久以前，一场可怕的“大灾难”席卷了整个大陆——天地巨变、万物凋零，一瞬间所有的生命都在灭亡的边缘挣扎着。就在此时，名为Noah的神出现了：她的眼泪化作了一把保护伞，守护着无数生命度过了“大灾难”。被她守护的生命们，正是如今这片大陆上的无数生命的始祖，Noah大陆也因此而得名。然而“大灾难”究竟是什么，至今仍众说纷纭……现在，你有机会前往Noah大陆各地探索一个又一个不为人知的秘密，通过自己的努力触及世界的真相——从零开始的异世界之旅，你做好准备了吗？【校园】传说Noah的眼泪最终凝结成一颗颗晶体（“琥珀”），集中散落在了一块足以俯瞰全大陆的高地上（“琥珀之丘”）。一座历史悠久的学校——P.E.T.S.（潜能开发与训练学校/Potency Exploitation &Training School）正坐落于此。P.E.T.S.不仅是培养魔法少女的场所，也是全大陆唯一合法的监督者——少女们从入学的那一天起，身上就肩负着维护大陆和平的责任。她们在学习的过程中会被派往大陆各地处理各类事件，并根据临场判断进行仲裁。然而，50年前的一场“大地震”促使这样的监管制度最终瓦解了，P.E.T.S.也宣布废校。就在人们认为 Noah大陆终于迎来了真正意义上的“民主与自由”时，5年前爆发的一场堪比“大灾难”的“恶性事件”突然惊醒了所有人——“恶性事件”的影响足足持续了两年，直到新的P.E.T.S.应运而生才最终被平息下来，其带来的阵痛却一直延续至今……时间回到眼前：就在某一天，P.E.T.S.的校长皮特斯突然神秘失踪了……现在，你将以代理校长的身份成为P.E.T.S.的新主人。在这里，你可以一点点了解到自己被选中的原因，弄明白“大地震”的真相，知晓“恶性事件”的元凶，理解魔法的本质，并一点点揭开P.E.T.S.建立的真相……你需要肩负起代理校长的职责，招收培养新生，维护大陆和平，调查皮特斯失踪的原因……——一切的决定权，在你手中！【少女】Noah大陆的魔法十分特殊，会对使用者带来沉重的负担，基本上只有符合条件的适龄少女经过系统培训后才能勉强驾驭。因此，P.E.T.S.是一座名副其实的女校。P.E.T.S.下属四个学院，分别为布塔（Ptah）、厄洛斯（Eros）、图特（Thoth）、西芙（Sia）四个，象征创造、爱心、智慧、收获。************************************************************************「恭喜你，你是被选中的！Noah大陆的大门即将敞开——以P.E.T.S.代理校长的身份，努力肩负起一切吧！」,8.5,杭州虎牙科技有限公司,杭州虎牙科技有限公司,868473,413979,0,"美少女,养成,二次元,卡牌,UP主推荐,卡牌养成,魔物娘,收集,ACG,剧情,中文,联机,联网,校园,唯美,小清新,拟人,回合,音乐",,1.13GB,1.1.32,2019年04月26日
料理次元,【游戏介绍】人类世界的每一次烹饪，都会产生魔力，在料理次元孕育出具有人格的料理，那便是——食灵。食灵们所在的这个世界，本应该是充满幸福和温暖的，但是由于负面魔力的侵蚀，黑暗食灵开始出现，负面魔力造成了异常气候，正在瓦解料理次元。只有对美食充满爱的人才能够拯救这个世界，净化黑暗食灵……没错，那便是主厨大人您！ 【特色介绍】=====浪漫的永恒誓约=====新版本增加誓约系统，为心爱的食灵戴上戒指，缔结甜蜜誓约，解锁更高阶段好感度，阅读食灵们独特的誓约故事和全新的主城对话，更有如梦如幻的绝美婚纱加入！=====TapTap专属家具=====《料理次元》联动知名手游分享社区TapTap，为主厨大人们带来全新的TapTap专属家具！=====虚拟偶像助阵=====世界第一吃货殿下洛天依加盟料理次元，与主厨和食灵们一起净化黑暗食灵！=====宏大的世界观=====黑暗料理入侵，美食大陆岌岌可危，主厨穿越到料理次元，拯救世界！=====知名的日文CV阵容=====日本顶级声优倾情献声，花泽香菜、钉宫理惠、内田彩、小仓唯等数十位日本知名声优加盟配音！=====强大的中文配音团队=====山新领衔国内顶尖配音团队，为中华美食料理带来独具中华特色的中文配音，缔造优美的声音。=====特色的中文方言配音=====应玩家强烈要求，大胆得加入方言特色配音，凸显食灵地域特色，给主厨们带来家乡的味道！=====丰富的策略养成元素=====无论是装盘布阵还是副本走棋，都需要主厨合理安排食灵、选择最正确的发展路线！=====多样化模拟经营玩法=====餐车、便当盒系统，虚拟经营养成，为食灵搭建最舒服的生存环境！【更多消息 联系我们】官网主页：http://cook.coco.cn/home 官方微信公众号：liaoliciyuan官方微博：http://weibo.com/dggames 官方QQ8群：255282462,8.4,触控游戏,触控游戏,567470,307987,0,"二次元,美少女,美食,养成,经营,卡牌,收集,UP主推荐,ACG,联机,拟人,联网,中文,烹饪",,905.12MB,1.5.3,2019年04月28日
